NSE,KGE,RMSE,R2
0.4478001715085369,0.26929931772130544,4.201930943484856,0.44780018623514717
