NSE,KGE,RMSE,R2
0.5009226036253128,0.33333258658264675,3.9597061654102905,0.5009226091199512
