NSE,KGE,RMSE,R2
-313969.62371348345,-313969.76239773096,0.5549426811042999,-313969.6298895696
