NSE,KGE,RMSE,R2
0.716964315333663,0.6115438708730135,2.295785617830002,0.7169643004688011
