NSE,KGE,RMSE,R2
0.493645344645549,0.44075368957970484,2.73719124600051,0.49364536376831425
