NSE,KGE,RMSE,R2
-600.4741349230346,-600.9270989875365,1.1523969752840915,-600.4741142557851
