NSE,KGE,RMSE,R2
-0.4971880108545035,-0.6517571032634157,0.5874439213275943,-0.49718797042023977
