NSE,KGE,RMSE,R2
-0.7592839327421388,-0.776550474505231,4.6364863889928225,-0.759283940097893
