NSE,KGE,RMSE,R2
-0.7431809363906465,-0.760743966361054,4.630349984710015,-0.7431810389696119
