NSE,KGE,RMSE,R2
-19.111695576079754,-19.507619435642894,7.508105205036715,-19.11169595237429
