NSE,KGE,RMSE,R2
0.829555187898588,0.7147828711666285,3.09539680174269,0.8295551852297579
