NSE,KGE,RMSE,R2
0.6906471814137655,0.6654632320685758,3.6823504147982407,0.6906471753746092
