NSE,KGE,RMSE,R2
0.49389729510191793,0.4494434232907264,4.743425712021626,0.4938973188456306
