NSE,KGE,RMSE,R2
-0.2845936969727796,-0.45299504692978565,4.835677550042352,-0.28459369425524317
