NSE,KGE,RMSE,R2
0.4310161291913224,0.39786592827797373,3.8762486182987166,0.431016151922923
