NSE,KGE,RMSE,R2
-0.4867186147695979,-0.5451425770935683,2.430862806600616,-0.4867185822370359
