NSE,KGE,RMSE,R2
-18.793831057928525,-19.078134780102392,1.7435754103261292,-18.793832691404845
