NSE,KGE,RMSE,R2
-0.3088780440719556,-0.3418664963707585,3.811517636829543,-0.30887799064833943
