NSE,KGE,RMSE,R2
0.8612447171012827,0.8225359268082189,2.3459181313959654,0.8612446927809638
