NSE,KGE,RMSE,R2
0.022652389611976465,-0.008058395612852598,1.5834467030555337,0.022652428689608373
