NSE,KGE,RMSE,R2
0.7287555141240591,0.6652408239846905,2.5304403011908256,0.7287555310618321
