NSE,KGE,RMSE,R2
0.28121507853597005,0.2115203412105372,1.7550471628323598,0.28121509131776246
