NSE,KGE,RMSE,R2
-2.0226235372958286,-2.0939077097572896,3.179803934878468,-2.022623537494818
