NSE,KGE,RMSE,R2
0.8149103241006765,0.6775486132985677,3.0052453711248295,0.8149103227989026
