NSE,KGE,RMSE,R2
-2.049879028759144,-2.1214531377613604,3.1889774968017353,-2.04987899600918
