NSE,KGE,RMSE,R2
-89.81512165012109,-89.88952284591207,5.108407630596997,-89.81511156694758
