NSE,KGE,RMSE,R2
0.8197729700659795,0.7557454282066073,1.8770085095253861,0.8197729550065618
