NSE,KGE,RMSE,R2
-668.8564634319919,-669.3081512156308,1.1565027791696139,-668.8564683139078
