NSE,KGE,RMSE,R2
0.8942427399232709,0.8236528213420345,2.1484793925974888,0.8942427368382683
