NSE,KGE,RMSE,R2
0.9027338300616901,0.835192264130977,2.0707498606905737,0.9027338351898975
