NSE,KGE,RMSE,R2
0.9184281447328229,0.8847559987173039,1.6257972616413645,0.9184281435080999
