NSE,KGE,RMSE,R2
0.47725238597321584,0.45879253050410873,0.3738107000401431,0.47725235836165714
