NSE,KGE,RMSE,R2
0.8952837846716436,0.7152054859622874,1.0968502866193117,0.89528379056997
