NSE,KGE,RMSE,R2
-100.75399603427753,-100.80539521646465,3.4319237164476397,-100.75398967853863
