NSE,KGE,RMSE,R2
0.798306521550697,0.7221225552325548,2.5605780547520594,0.798306528371307
