NSE,KGE,RMSE,R2
0.7816226514789303,0.7025718185653844,2.6498493232795393,0.7816226629576225
