NSE,KGE,RMSE,R2
-1.3102018765921808,-1.4228057627418496,1.5970979669814855,-1.3102017068780247
