NSE,KGE,RMSE,R2
-0.9894402839597694,-1.0499174878289592,1.7166439360675096,-0.9894403360085815
