NSE,KGE,RMSE,R2
0.7995486939548817,0.6819158605069654,3.4493704917591748,0.7995486833265151
