NSE,KGE,RMSE,R2
0.7953690133975747,0.6749384637550483,3.485146974500588,0.7953690025475922
