NSE,KGE,RMSE,R2
0.8081517194874756,0.6755336757269421,2.3864373415817592,0.8081517093268487
