NSE,KGE,RMSE,R2
0.8062073468081827,0.6850717674235345,2.221313775800709,0.8062073444841373
