NSE,KGE,RMSE,R2
0.9211108979097788,0.8374884048307576,1.6041303974582133,0.9211109008615725
