NSE,KGE,RMSE,R2
0.5060749628895462,0.4180265048378218,1.3561033154512114,0.5060749747005543
