NSE,KGE,RMSE,R2
0.8184925810466532,0.6794586748266381,2.053377003224871,0.8184925728836311
