NSE,KGE,RMSE,R2
0.9519587416343043,0.8631197109054272,1.7789809371866387,0.951958739119099
