NSE,KGE,RMSE,R2
0.9274767811651892,0.894962538555515,1.8243384307336616,0.927476778387112
