NSE,KGE,RMSE,R2
0.29715441317502955,0.15707320076746034,2.4822216721382646,0.2971544197512125
