NSE,KGE,RMSE,R2
0.9709534421356565,0.9519633340966487,1.3376701212617799,0.9709534426997111
