NSE,KGE,RMSE,R2
0.5294740132357234,0.42718347929432043,3.4221933813760446,0.5294739954414014
