NSE,KGE,RMSE,R2
0.7628285376462306,0.7018237027987163,2.5783710272652436,0.7628285341260126
