NSE,KGE,RMSE,R2
0.7529813928729091,0.6870650234512827,2.6133308634254115,0.7529813851617578
