NSE,KGE,RMSE,R2
-104925.59536119485,-104926.06716217614,1753.765886436359,-104925.59501726036
