NSE,KGE,RMSE,R2
0.8033823354484011,0.6629263223629234,3.0794306918347902,0.8033823389633681
