NSE,KGE,RMSE,R2
0.577071168985892,0.5694216387344417,3.3828111917271975,0.5770711834422367
