NSE,KGE,RMSE,R2
-14.827637855838988,-14.969269263105604,3.147394172658847,-14.827637617700855
