NSE,KGE,RMSE,R2
0.28340045825471183,0.09987124706822958,4.73381540768369,0.2834004581009787
