NSE,KGE,RMSE,R2
0.9810419172006408,0.9748644390147524,1.1236884221082413,0.9810419175856806
