NSE,KGE,RMSE,R2
0.7245266743081517,0.5087422364706794,3.551082889802936,0.7245266775199213
