NSE,KGE,RMSE,R2
0.8187813043650077,0.6628391413979753,2.3744922448477004,0.8187813128416528
