NSE,KGE,RMSE,R2
0.8678646381659512,0.7874127578499625,1.969750501814993,0.8678646345598438
