NSE,KGE,RMSE,R2
0.16503439950957188,0.10552948057358313,2.192557934710565,0.16503443163852727
