NSE,KGE,RMSE,R2
0.8541290660990829,0.7774011997421063,2.126786931946651,0.8541290665352523
