NSE,KGE,RMSE,R2
0.8992603340579887,0.7348388363841694,2.094879772095529,0.8992603374084964
