NSE,KGE,RMSE,R2
0.9439172042768378,0.8003419219560886,1.7022623183806802,0.9439172014623213
