NSE,KGE,RMSE,R2
-0.3651036933639964,-0.7026235832902035,7.919059713618033,-0.36510369459288095
