NSE,KGE,RMSE,R2
-0.37170129384749884,-0.7088775551935338,7.967146206347752,-0.37170128232343
