NSE,KGE,RMSE,R2
0.5915155732913377,0.3500019140958244,4.867946778435073,0.5915155831449721
