NSE,KGE,RMSE,R2
0.5854187030914246,0.34270647042060354,4.92955132211612,0.5854186598789994
