NSE,KGE,RMSE,R2
-1780.1043693206655,-1780.5591116045268,1.5085250831255226,-1780.1042930817994
