NSE,KGE,RMSE,R2
0.8889894917762936,0.7157489127478727,2.7553737247109917,0.8889894982430684
