NSE,KGE,RMSE,R2
0.38408284014205396,0.24355667245691925,3.644629303291221,0.3840828688196062
