NSE,KGE,RMSE,R2
-13.148549555759503,-13.227003831211501,3.9834816252310907,-13.14854968289959
