NSE,KGE,RMSE,R2
0.8746865587916025,0.8272535310142154,2.877186397027794,0.8746865544425084
