NSE,KGE,RMSE,R2
0.8624170224211306,0.809346996536061,2.9785214681721865,0.8624170166935998
