NSE,KGE,RMSE,R2
0.14526524325684675,0.07883325904471594,2.3671517205160226,0.14526523600194519
