NSE,KGE,RMSE,R2
0.9265238450881323,0.8534029943181436,1.8786417505005544,0.9265238425757201
