NSE,KGE,RMSE,R2
0.5911838267088181,0.42245121211015424,1.9156706996791897,0.5911838388999626
