NSE,KGE,RMSE,R2
0.5782245772805295,0.41020635375985437,1.956736470002012,0.57822457132148
