NSE,KGE,RMSE,R2
0.8957581134511456,0.7120227234237704,1.1008552912200396,0.8957581099390691
