NSE,KGE,RMSE,R2
0.8414337664503992,0.8092557406037393,1.9207523099680437,0.8414337575738269
