NSE,KGE,RMSE,R2
-4.94754752521791,-4.984968957169322,1.206530457715428,-4.94754745425364
