NSE,KGE,RMSE,R2
0.7176696573477281,0.6420923102241585,2.9684115734545062,0.7176696642036499
