NSE,KGE,RMSE,R2
0.8779498543643915,0.7658269480958807,2.49195810264351,0.8779498530382074
