NSE,KGE,RMSE,R2
0.8513551188194205,0.7393070856896118,2.392455653208593,0.851355118599726
