NSE,KGE,RMSE,R2
0.8700795479685326,0.7546411878111876,2.5564514690743505,0.870079552099254
