NSE,KGE,RMSE,R2
0.4591911376920379,0.3668127961436862,4.864193242675043,0.45919115491562734
