NSE,KGE,RMSE,R2
-43.60607007425304,-43.73866533513736,3.687305086205416,-43.60606767271921
