NSE,KGE,RMSE,R2
0.7305943967101658,0.5235909170963857,3.40442502711381,0.730594405271079
