NSE,KGE,RMSE,R2
0.6520477145019739,0.4585318413968599,3.594803183377196,0.6520477339616648
