NSE,KGE,RMSE,R2
-51.641525484974316,-52.064452251139265,2.0097043031059756,-51.64152756566994
