NSE,KGE,RMSE,R2
0.6701105008951307,0.3269712801287895,2.7817553361683998,0.6701105025530825
