NSE,KGE,RMSE,R2
0.6200294953714993,0.4054545654406253,3.3198424152327286,0.6200294851859942
