NSE,KGE,RMSE,R2
-0.2630516979212678,-0.2715583812316784,1.0771755091241775,-0.2630517794369145
