NSE,KGE,RMSE,R2
-0.4883745360470606,-0.6681090548755924,2.8296648885102904,-0.4883745389781553
