NSE,KGE,RMSE,R2
0.907973773769121,0.8070612307125364,1.7306843172955118,0.9079737767224638
