NSE,KGE,RMSE,R2
0.898954186826198,0.7910664392604664,1.9566429482148506,0.8989541841745302
