NSE,KGE,RMSE,R2
0.4599619975561351,0.38500769487742015,4.050357692163776,0.4599620254701069
