NSE,KGE,RMSE,R2
-8.237091543269901,-8.298722353512584,7.233068649851547,-8.237092182058827
