NSE,KGE,RMSE,R2
0.4391321616111088,0.36442981448447354,4.11150826936073,0.43913215876393596
