NSE,KGE,RMSE,R2
-1.4878584944492013,-1.545184885274531,1.6512208170724294,-1.4878582310192976
