NSE,KGE,RMSE,R2
0.8500843299879424,0.7533189127440973,3.1437455098800706,0.8500843310027344
