NSE,KGE,RMSE,R2
0.43647042765407695,0.2533169319999232,2.042930701540958,0.4364704102704744
