NSE,KGE,RMSE,R2
0.7629621039199135,0.7056143753023383,2.5019859907565367,0.7629621017904743
