NSE,KGE,RMSE,R2
0.780096801765283,0.7237839139039945,2.417801459847713,0.7800968075376477
