NSE,KGE,RMSE,R2
0.7760813173023666,0.679130402176811,3.548846746706486,0.7760813197011532
