NSE,KGE,RMSE,R2
0.7917829355310112,0.5775389165659508,2.044536396600247,0.7917829294303487
