NSE,KGE,RMSE,R2
0.7966568127716804,0.6859860151231091,3.3772446089026262,0.7966568106672502
