NSE,KGE,RMSE,R2
0.7056765175803714,0.6576115702500234,3.726735154076365,0.7056764869821843
