NSE,KGE,RMSE,R2
0.8517930836434008,0.745981560243588,2.128763800055433,0.8517930864967868
