NSE,KGE,RMSE,R2
0.8428838686305306,0.7340364520749798,2.1801246874637363,0.8428838658387082
