NSE,KGE,RMSE,R2
0.43792366710715935,0.2544392460516246,2.0418611457490496,0.43792368441554685
