NSE,KGE,RMSE,R2
-0.22561140646045286,-0.24365233153992616,0.8188113494159976,-0.22561145822665862
