NSE,KGE,RMSE,R2
0.7589693656667167,0.7221904997531042,3.415358405230259,0.7589693479138588
