NSE,KGE,RMSE,R2
0.6069633544358839,0.39851766255629284,1.6448962627439663,0.606963319326213
