NSE,KGE,RMSE,R2
0.9577709650934221,0.9463101132520574,1.5328869261117897,0.9577709631359316
