NSE,KGE,RMSE,R2
0.8969347516473607,0.8527449042384014,2.0475923250668697,0.8969347553968433
