NSE,KGE,RMSE,R2
-12.036703283515772,-12.115190267388495,5.996577155387452,-12.03670304931162
