NSE,KGE,RMSE,R2
0.8637837656934988,0.7670368183543544,2.771788592236165,0.8637837590361322
