NSE,KGE,RMSE,R2
0.5528475661889185,0.502050802422457,3.7417961586296236,0.5528475631071283
