NSE,KGE,RMSE,R2
-466.953080729241,-466.9545045998978,4.889548616228631,-466.95304623773995
