NSE,KGE,RMSE,R2
0.562382463653162,0.51256498947044,3.687836387049251,0.5623824825141851
