NSE,KGE,RMSE,R2
0.8125113850067721,0.7550241715014425,2.1043449767615616,0.8125113570816358
