NSE,KGE,RMSE,R2
0.6508093242370141,0.5779100898276915,3.9500776492623806,0.6508093571717533
