NSE,KGE,RMSE,R2
0.5850743214921827,0.512384713099187,4.208971544374463,0.5850742974058705
