NSE,KGE,RMSE,R2
0.8382689052725756,0.755674814050175,2.846213527492005,0.8382689094798643
