NSE,KGE,RMSE,R2
0.5558777248568569,0.46554573568923197,4.110477710471239,0.555877744602528
