NSE,KGE,RMSE,R2
0.5722310717894372,0.5198887276786945,4.1225738021477785,0.5722311285434634
