NSE,KGE,RMSE,R2
0.7429699952788338,0.6643477674168883,3.3935400657322177,0.7429700024091783
