NSE,KGE,RMSE,R2
-0.9616648584291831,-1.0594999909998521,4.081066140164218,-0.9616649756068123
