NSE,KGE,RMSE,R2
0.8354778383292396,0.8028557878374352,2.387749299370167,0.8354778417749207
