NSE,KGE,RMSE,R2
0.8462721461457333,0.7327092235301211,2.424220839293446,0.846272139148727
