NSE,KGE,RMSE,R2
0.9298084917859536,0.9137776073709383,2.572932461961438,0.9298084866708398
