NSE,KGE,RMSE,R2
-219.27397405757088,-219.28108085002185,3.421987177207207,-219.27395968704502
