NSE,KGE,RMSE,R2
0.7925252906998159,0.72085174049354,2.2942256267858454,0.7925252792536522
