NSE,KGE,RMSE,R2
0.8492007220326022,0.7505083681943477,2.298128988370002,0.849200729391699
