NSE,KGE,RMSE,R2
-124.42027158064236,-124.66270270389434,0.6666999989020694,-124.42027301138025
