NSE,KGE,RMSE,R2
0.7892324899156111,0.6488817035299019,3.396335181730762,0.7892324946505581
