NSE,KGE,RMSE,R2
0.7035103626113478,0.6888487844487671,3.5745375485252264,0.7035103681985226
