NSE,KGE,RMSE,R2
-32.164388181987654,-32.266252710161396,0.9437649118728975,-32.16438978398751
