NSE,KGE,RMSE,R2
0.8540434683721873,0.7933924615179748,2.34321072007788,0.8540434552034455
