NSE,KGE,RMSE,R2
-31.787917429518288,-31.890438668190647,0.94005079823649,-31.787918600640815
