NSE,KGE,RMSE,R2
0.7439447851773917,0.6413281233029442,2.3266883727112226,0.7439447858622408
