NSE,KGE,RMSE,R2
0.7315212048217564,0.61829023020801,2.4135283478147973,0.731521207553495
