NSE,KGE,RMSE,R2
0.9439490836206506,0.8834095181838013,1.5602269043982577,0.943949086841999
