NSE,KGE,RMSE,R2
-3.3747144505789715,-3.814777898903473,0.794879438862813,-3.374714394159759
