NSE,KGE,RMSE,R2
0.46299302926510144,0.2791727875274902,4.140755471891814,0.46299305890385845
