NSE,KGE,RMSE,R2
0.60938531796601,0.5839104055252852,3.7859262743264845,0.6093853287721867
