NSE,KGE,RMSE,R2
0.5788563086182212,0.5426769613306508,2.8869870816705943,0.5788563288973143
