NSE,KGE,RMSE,R2
-143.1464361208197,-143.1530753320644,2.383204395159899,-143.1464391927869
