NSE,KGE,RMSE,R2
-4.824560099011902,-4.861348748082614,1.2037664836838602,-4.824559948745445
