NSE,KGE,RMSE,R2
0.70226122029188,0.6254054717744557,3.036075487725365,0.7022612071136116
