NSE,KGE,RMSE,R2
0.9030581334508423,0.8031638750096665,1.4742061215099738,0.9030581338102465
