NSE,KGE,RMSE,R2
0.5044166718801538,0.3378578553020598,3.6432516365946763,0.5044166531201464
