NSE,KGE,RMSE,R2
0.5681619608770841,0.41527977538825345,3.3770309229849658,0.5681619854122886
