NSE,KGE,RMSE,R2
-20.735767057171994,-20.82695004222308,3.9224712284545955,-20.735768153339755
