NSE,KGE,RMSE,R2
0.5750624951524936,0.4157205147500864,2.4345842345604556,0.5750624984074036
