NSE,KGE,RMSE,R2
0.8918846322014429,0.7832576757577021,2.2910905983597476,0.8918846321687788
