NSE,KGE,RMSE,R2
0.8462744499630407,0.7748231055595968,2.691708071548656,0.8462744602083927
