NSE,KGE,RMSE,R2
0.6453648239089858,0.5543939581959093,3.1694761361432096,0.6453648204260707
