NSE,KGE,RMSE,R2
-31.169198010513746,-31.18772496632863,3.2182118746837634,-31.169199617019338
