NSE,KGE,RMSE,R2
-37.064045376959214,-37.083168696073,3.28765560219521,-37.064043235639694
