NSE,KGE,RMSE,R2
0.6696965825918995,0.5820698739892953,3.05654977256865,0.6696965843747289
