NSE,KGE,RMSE,R2
0.848698147342158,0.7857803230768458,2.3749735243954793,0.8486981359015205
