NSE,KGE,RMSE,R2
0.8738239983857725,0.8448483432170777,2.0533107024542847,0.8738239979761389
