NSE,KGE,RMSE,R2
-0.7268891958155042,-0.7810304692474523,3.0753161176134842,-0.7268893191540624
