NSE,KGE,RMSE,R2
0.9283906546566011,0.9108106003438424,2.0363590393988305,0.9283906566641288
