NSE,KGE,RMSE,R2
0.8271953165061063,0.6973022428170861,2.929247679951877,0.8271953208099223
