NSE,KGE,RMSE,R2
-0.13473601167340332,-0.18707753641808322,2.049526721175356,-0.13473603084451025
