NSE,KGE,RMSE,R2
0.7714886506832286,0.6977255140373511,2.8279813210174485,0.7714886412834293
