NSE,KGE,RMSE,R2
0.33277904830988625,0.3123282306395597,0.588606775028183,0.33277906070780294
