NSE,KGE,RMSE,R2
0.9557125891281129,0.908899503982628,0.9756714652751676,0.9557125924396666
