NSE,KGE,RMSE,R2
-0.673732884752656,-0.782893272412934,4.017394518976172,-0.673733072020763
