NSE,KGE,RMSE,R2
0.9234402192635972,0.8389812979187679,1.836481350182291,0.9234402196583575
