NSE,KGE,RMSE,R2
0.7186611950543625,0.6393880006763846,2.8711730641358844,0.7186611817490018
