NSE,KGE,RMSE,R2
-490.2610058840449,-490.26240081302643,4.997215980454887,-490.26098719966734
