NSE,KGE,RMSE,R2
0.9047403351283304,0.8048264799623214,2.369623737795547,0.904740332563438
