NSE,KGE,RMSE,R2
-2.895083067337441,-2.9276607517070445,5.420487711563033,-2.8950828850067793
