NSE,KGE,RMSE,R2
-1.4038138407231178,-1.4259036236254796,4.705647810316003,-1.4038137473989423
