NSE,KGE,RMSE,R2
-8.199252536765057,-8.260923815514461,7.232217861314035,-8.199252963579179
