NSE,KGE,RMSE,R2
0.7114880432569886,0.6053274822790923,3.007048380030406,0.7114880392873615
