NSE,KGE,RMSE,R2
-1526204.6556267547,-1526204.8448251062,1.322196371284815,-1526204.7458411134
