NSE,KGE,RMSE,R2
0.6226700059969386,0.4903948598707625,3.64131388621004,0.6226700057862096
