NSE,KGE,RMSE,R2
0.8714006748160354,0.8267422384388995,2.739825812130763,0.8714006798169164
