NSE,KGE,RMSE,R2
0.9604236101128363,0.9452728641030474,0.838125223657135,0.9604236103108366
