NSE,KGE,RMSE,R2
0.777397537892853,0.644087069537798,3.429629425546911,0.7773975348486244
