NSE,KGE,RMSE,R2
0.7863071345849015,0.6462864717878665,3.3174915116237718,0.7863071362704473
