NSE,KGE,RMSE,R2
0.8085297919915094,0.6546592572402892,3.2569309640432897,0.8085297829849475
