NSE,KGE,RMSE,R2
0.6125327271057818,0.38468096239391947,3.4104881988681006,0.6125327310823345
