NSE,KGE,RMSE,R2
0.33840705791237835,0.33463853533054155,2.4588885885269587,0.3384070603781115
