NSE,KGE,RMSE,R2
-0.7781044472126384,-0.7847573328003861,2.1427680742029533,-0.7781044692680705
