NSE,KGE,RMSE,R2
0.7577329101437488,0.7533390335511324,2.011742865259992,0.7577329097819074
