NSE,KGE,RMSE,R2
0.8771933386156394,0.7414014924322407,2.325221018616516,0.8771933487704449
