NSE,KGE,RMSE,R2
0.9105133655015452,0.834279930292922,1.6325895706470697,0.9105133611715476
