NSE,KGE,RMSE,R2
0.9160549929953179,0.8412489229029064,1.5908862701617275,0.9160549927539281
