NSE,KGE,RMSE,R2
-0.11386679217920648,-0.3215482436103101,2.685768258080902,-0.11386687656661376
