NSE,KGE,RMSE,R2
-0.10763917539993595,-0.31605672169430155,2.6792132221763554,-0.10763911534473025
