NSE,KGE,RMSE,R2
0.5711792746513537,0.45120512038159977,1.6986834450236488,0.5711792816395139
