NSE,KGE,RMSE,R2
0.9378512284238832,0.8874840010303846,1.7298773175580389,0.9378512300559175
