NSE,KGE,RMSE,R2
0.8448917542580908,0.7442237240212197,2.9494917268437884,0.8448917512747062
