NSE,KGE,RMSE,R2
0.9184926892276932,0.8252631426196589,1.5145220571264515,0.9184926873736244
