NSE,KGE,RMSE,R2
0.9134365429971155,0.7370425538092651,1.8575844976397915,0.9134365477603277
