NSE,KGE,RMSE,R2
0.9180137869382036,0.7490015535189944,1.6943448576342288,0.9180137881593456
