NSE,KGE,RMSE,R2
0.873913694490446,0.7155378531862363,2.812431534525623,0.8739136938618149
