NSE,KGE,RMSE,R2
0.3142084308947629,-0.06041228428353196,4.681778960106426,0.31420845462467917
