NSE,KGE,RMSE,R2
-0.032687174918623496,-0.26236150657680657,5.38440184175391,-0.03268720621182708
