NSE,KGE,RMSE,R2
-14.921355111051994,-14.975870645315167,1.6268446537197017,-14.921353725314534
