NSE,KGE,RMSE,R2
-2.235732602657665,-2.4527521132451175,3.2251294418169794,-2.235732651378614
