NSE,KGE,RMSE,R2
0.8640592102301468,0.7333119574073684,2.4323835153337856,0.8640592004129531
