NSE,KGE,RMSE,R2
-876169.7322958073,-876170.1792627485,1507.0450226390756,-876169.7551762935
