NSE,KGE,RMSE,R2
-39401.809279806905,-39402.24876561746,1120.4821190415826,-39401.809830689905
