NSE,KGE,RMSE,R2
0.19532701095741345,0.1465696441935509,2.774092608711609,0.19532700276619053
