NSE,KGE,RMSE,R2
0.9004935570238182,0.8737191181711602,1.617494392057504,0.9004935500322779
