NSE,KGE,RMSE,R2
0.782354750206428,0.7088711228334943,3.0728497684074134,0.7823547526891065
