NSE,KGE,RMSE,R2
-22.29117536503651,-22.383321834568623,3.1584608144165314,-22.291175059232376
