NSE,KGE,RMSE,R2
0.7760289094231333,0.6996628176590061,3.1023690891160967,0.7760289040723839
