NSE,KGE,RMSE,R2
0.3026704605233782,0.05561379781338083,5.200367677102735,0.30267047410115655
