NSE,KGE,RMSE,R2
0.45136914107356396,0.2633233136245643,4.279953048377377,0.4513691670490726
