NSE,KGE,RMSE,R2
-622.881439186282,-623.0260967542243,1.9555172993074494,-622.8814371499694
