NSE,KGE,RMSE,R2
0.9563907744037775,0.8828784821570418,1.1681992548453344,0.9563907721938775
