NSE,KGE,RMSE,R2
-0.5955777931755109,-0.6485023778191101,3.92163001181624,-0.5955778919000092
