NSE,KGE,RMSE,R2
0.7912001050509077,0.5728629316954147,3.7077376490397422,0.7912001151982822
