NSE,KGE,RMSE,R2
0.4337817076375484,0.10200404462152901,5.090721919513318,0.4337817328445942
