NSE,KGE,RMSE,R2
-184235.50196542573,-184235.6629190418,0.46873081719079124,-184235.51762457608
