NSE,KGE,RMSE,R2
0.5173039966414776,0.345851530232813,3.8888114856832177,0.5173039830593691
