NSE,KGE,RMSE,R2
0.8292863501818208,0.6684487078585031,2.5299492031460686,0.8292863641775224
