NSE,KGE,RMSE,R2
0.8241968900680824,0.6618038425646449,2.571301823232801,0.8241969051544599
