NSE,KGE,RMSE,R2
0.8076464010114086,0.7425972323963315,1.925159453586487,0.8076464002483021
