NSE,KGE,RMSE,R2
-250156.14864493933,-250156.62524401653,3635.279912799854,-250156.12729112298
