NSE,KGE,RMSE,R2
0.21298812834913383,0.0012374344062919818,3.9055158167198893,0.2129880625750934
