NSE,KGE,RMSE,R2
0.4692272229449457,0.4522074939619011,2.501920120190482,0.46922729825503906
