NSE,KGE,RMSE,R2
0.45868444724516566,0.44118476481296565,2.567110383456158,0.4586844691620474
