NSE,KGE,RMSE,R2
-1515032.392373881,-1515032.8676594617,1506.2271664580676,-1515032.444193195
