NSE,KGE,RMSE,R2
-53921.600513991114,-53922.03810074664,1119.834363638687,-53921.60098736442
