NSE,KGE,RMSE,R2
0.2457909434388058,0.19407760409049102,1.82668098036843,0.2457909732783683
