NSE,KGE,RMSE,R2
0.23618135437008958,0.18477648168129546,1.8383948375049395,0.23618136077438812
