NSE,KGE,RMSE,R2
0.82614089839165,0.7273007314209686,3.0400369394001796,0.8261409067834267
