NSE,KGE,RMSE,R2
0.8143020745379542,0.7135141146431594,3.1246581280412293,0.8143020672780944
