NSE,KGE,RMSE,R2
0.6749263158997907,0.672683145173858,3.251466042730824,0.6749263031041484
