NSE,KGE,RMSE,R2
0.9005740767370949,0.7927935707638525,2.827051564797947,0.9005740841239149
