NSE,KGE,RMSE,R2
0.8845101933709663,0.7660538450218773,3.046882741518665,0.8845102019512479
