NSE,KGE,RMSE,R2
0.6944215229156894,0.5223199320521499,3.4110551062734764,0.694421515746757
