NSE,KGE,RMSE,R2
-92.23956182632332,-92.54307571473939,1.217536932981365,-92.23956391310723
