NSE,KGE,RMSE,R2
0.28264040930021606,0.13483129996382048,2.313301375151695,0.28264039254395323
