NSE,KGE,RMSE,R2
-88.16967436365825,-88.47229088204332,1.2158857936141743,-88.16967660726199
