NSE,KGE,RMSE,R2
0.29558004782898273,0.15028416462024652,2.3050666529288435,0.29558001039731696
