NSE,KGE,RMSE,R2
0.8848117609195123,0.780316958224427,2.6539017199491277,0.8848117692559361
