NSE,KGE,RMSE,R2
-2.1530128112875624,-2.260312141386381,5.01979133440618,-2.153013020559942
