NSE,KGE,RMSE,R2
0.8830311955083897,0.7781270656887408,2.6769211740807095,0.8830311878732378
