NSE,KGE,RMSE,R2
-0.16305821999901382,-0.30054994666451185,4.9979718888676015,-0.1630581529048205
