NSE,KGE,RMSE,R2
0.5283876556641217,0.14328517835745547,3.2955442166048914,0.528387699872365
