NSE,KGE,RMSE,R2
0.160934230670305,-0.26245480253106157,3.3788826660253815,0.16093428556393496
