NSE,KGE,RMSE,R2
0.8684638282012672,0.7230270738735793,2.484823233142765,0.8684638319492983
