NSE,KGE,RMSE,R2
0.37737620477808065,0.0838624458016014,2.4352000447780027,0.37737619779265075
