NSE,KGE,RMSE,R2
0.8361181073767934,0.5877255150783236,2.366073842995419,0.8361180979180485
