NSE,KGE,RMSE,R2
0.37710392805369286,0.08169072123082366,2.4572123254963247,0.37710389474765527
