NSE,KGE,RMSE,R2
0.8361450337654932,0.5878914510586508,2.339233467647958,0.8361450358588773
