NSE,KGE,RMSE,R2
0.7201695640353305,0.632140037593776,2.938245965585255,0.7201695714036032
