NSE,KGE,RMSE,R2
-2.9481187484456686,-3.017690059251181,4.994787117948414,-2.948118798640052
