NSE,KGE,RMSE,R2
0.09879590724704135,0.020454914809516223,5.4501810997970725,0.09879596464994345
