NSE,KGE,RMSE,R2
-20.835105434600464,-20.85306488929119,4.207230424612843,-20.835104383215732
