NSE,KGE,RMSE,R2
-20.544489344201676,-20.562463818297925,4.211329111709029,-20.54448979969854
