NSE,KGE,RMSE,R2
0.13315107542724425,0.054289037798694983,5.379662908152655,0.13315103579165632
