NSE,KGE,RMSE,R2
0.711911473627568,0.5796836208780631,2.4436551882756112,0.7119114768117316
