NSE,KGE,RMSE,R2
-1.8998718728984505,-1.926248535378944,1.348601013420072,-1.8998715205721073
