NSE,KGE,RMSE,R2
0.7991935342840661,0.7872815682970414,1.7471653460647878,0.7991935248281405
