NSE,KGE,RMSE,R2
0.7145497383086045,0.6848384472996367,2.1309381611706666,0.7145497601752657
