NSE,KGE,RMSE,R2
0.7164897067635261,0.6774731650567802,2.303562948662217,0.7164897253915042
