NSE,KGE,RMSE,R2
-2.080544510736633,-2.0987010376333255,1.779463946036475,-2.0805446690143348
