NSE,KGE,RMSE,R2
0.83884238037964,0.7388594164449815,2.345417931391865,0.8388423844370309
