NSE,KGE,RMSE,R2
-5686.049470884046,-5686.179510203191,1.772125094733233,-5686.049276515223
