NSE,KGE,RMSE,R2
0.778197044253737,0.6449911468941121,2.7315347795386766,0.7781970369530986
