NSE,KGE,RMSE,R2
0.7228907049026787,0.5602875351642969,3.2545105756955044,0.7228906995689948
