NSE,KGE,RMSE,R2
0.818553478481163,0.7132895795624439,2.9069090298930336,0.8185534792231195
