NSE,KGE,RMSE,R2
0.5239169544994566,0.4494805659470258,2.9576953847302923,0.5239169622615253
