NSE,KGE,RMSE,R2
-291226.4032041427,-291226.90234083013,3635.286033700603,-291226.4041994261
