NSE,KGE,RMSE,R2
-1.3390381681213945,-1.6643968297475147,5.083475738654913,-1.3390382074461629
