NSE,KGE,RMSE,R2
-1.3456667380576333,-1.669728708054075,5.085784544282383,-1.3456666992194637
