NSE,KGE,RMSE,R2
0.24604712134845763,0.0734596860813479,4.120153352279912,0.24604711898788767
