NSE,KGE,RMSE,R2
0.2042419776255192,0.03301898627251598,4.209967633983207,0.2042419721682155
