NSE,KGE,RMSE,R2
-0.05964260868959559,-0.07867698058667405,1.0541426283551727,-0.05964260175722669
