NSE,KGE,RMSE,R2
-48.262531485863086,-48.263894850065874,3.068903080616342,-48.26253099793268
