NSE,KGE,RMSE,R2
-24.02136524826919,-24.021877308498542,2.6492954366486745,-24.021368127393192
