NSE,KGE,RMSE,R2
-14.216651112607183,-14.341684341139645,5.928188470181524,-14.21665032512147
