NSE,KGE,RMSE,R2
0.3465418436318697,0.10550535336572331,6.648235993301261,0.346541861463755
