NSE,KGE,RMSE,R2
-0.7521565479476005,-1.0504042537392628,9.419537057262257,-0.7521565321640897
