NSE,KGE,RMSE,R2
0.7993461552041224,0.6045633136036551,2.365695125757172,0.7993461576992237
