NSE,KGE,RMSE,R2
0.8292742073354138,0.6606352242247195,2.0132311790550563,0.8292742013147213
