NSE,KGE,RMSE,R2
-108.9301338570069,-109.09431082489714,3.66764269310681,-108.93013939783154
