NSE,KGE,RMSE,R2
-107.52708478637776,-107.69165669928735,3.660589113885125,-107.52709568349054
