NSE,KGE,RMSE,R2
0.49366009182765336,0.46135925864313954,3.9641659489579664,0.4936600990309876
