NSE,KGE,RMSE,R2
-26.78903564332508,-26.795436714570773,1.880865692613635,-26.78903726478571
