NSE,KGE,RMSE,R2
-2.1536198253587076,-2.1832441363665134,2.257572229138101,-2.153619812061016
