NSE,KGE,RMSE,R2
0.72765932921714,0.6181652505911324,3.3468674761324393,0.7276592939221587
