NSE,KGE,RMSE,R2
-15.551415582649508,-15.729344334968008,0.7142419365619024,-15.551415844390434
