NSE,KGE,RMSE,R2
0.718612626911173,0.6044528986383932,3.3778720298402187,0.7186126567041958
