NSE,KGE,RMSE,R2
-17.202841621689277,-17.386811248811334,0.7154081326934848,-17.20284303500759
