NSE,KGE,RMSE,R2
-1.3877295803650758,-1.4383329379159209,4.3267602081817484,-1.3877294467811865
