NSE,KGE,RMSE,R2
0.9345338556737488,0.8753275779968276,1.8541826648348059,0.9345338549277331
