NSE,KGE,RMSE,R2
0.8941256403569813,0.7847444223424448,1.9931749467494813,0.8941256399114377
