NSE,KGE,RMSE,R2
0.9043099232378917,0.8039734453160722,1.7561093669742565,0.9043099198855682
