NSE,KGE,RMSE,R2
-0.11703806007244633,-0.214784153126222,5.2155631896163115,-0.11703809790205155
