NSE,KGE,RMSE,R2
0.2592168191427552,0.24932975265531587,1.209223002567718,0.25921691521259804
