NSE,KGE,RMSE,R2
0.8387723944846166,0.735213775952348,1.6623269943940444,0.8387723986507662
