NSE,KGE,RMSE,R2
0.9100497559359263,0.8784584109904414,1.7677075772027315,0.9100497524205217
