NSE,KGE,RMSE,R2
0.7752139978964101,0.7298760179444678,1.3640480924551512,0.7752139986354919
