NSE,KGE,RMSE,R2
0.8405738186161438,0.6953155233013746,3.3115659609360195,0.8405738239330245
