NSE,KGE,RMSE,R2
0.8377315431328219,0.6889032094061533,3.327821153135519,0.8377315431345385
