NSE,KGE,RMSE,R2
0.5603240280114115,0.2579723381681063,3.7086481866436567,0.5603240305884024
