NSE,KGE,RMSE,R2
0.803912592149153,0.6063522764719191,3.201676022779147,0.8039126025640573
