NSE,KGE,RMSE,R2
-25.3829515307208,-25.652666434457718,1.0310736898230777,-25.382951490941466
