NSE,KGE,RMSE,R2
0.7288185230854178,0.5457038610327052,3.3948934227261476,0.7288185469207797
