NSE,KGE,RMSE,R2
-0.8947761107204903,-1.067170690708671,4.207083692223149,-0.8947758992057446
