NSE,KGE,RMSE,R2
0.9597492142872968,0.9179444955636888,1.1173702253987308,0.9597492140723995
