NSE,KGE,RMSE,R2
-4.550718198689901,-4.758791368528095,1.3787668357549803,-4.5507186266371615
