NSE,KGE,RMSE,R2
0.6377110272136612,0.5040741817757122,2.8359402133087386,0.6377110250278288
