NSE,KGE,RMSE,R2
0.8046867751036242,0.6208879532174105,1.9447589976828716,0.8046867672446075
