NSE,KGE,RMSE,R2
0.8846577399327782,0.7998001861718289,2.6301403033667725,0.8846577372581536
