NSE,KGE,RMSE,R2
-22.34538807047801,-22.436843486420504,3.170246007285769,-22.34538767118769
