NSE,KGE,RMSE,R2
0.3275477602215927,0.2395932941699258,3.698912597621989,0.3275477503520271
