NSE,KGE,RMSE,R2
0.7376265647125642,0.6819376323595683,2.0212096008505416,0.7376265524893744
