NSE,KGE,RMSE,R2
0.4517390732246772,0.34577379173028655,3.533095331719646,0.451739104340649
