NSE,KGE,RMSE,R2
-12623.296703193564,-12623.297321851689,3.529348567908345,-12623.295809556983
