NSE,KGE,RMSE,R2
0.6948425914660712,0.4757092970051805,2.4746244684165086,0.694842596955858
