NSE,KGE,RMSE,R2
-16.523715837506973,-16.866374127729497,1.3225527366634624,-16.52371585013039
