NSE,KGE,RMSE,R2
0.47877140038634713,0.4457762086043623,4.002932120189,0.4787714098950848
