NSE,KGE,RMSE,R2
-101.21231486982552,-101.26219148973317,3.4786449006335167,-101.21232349259874
