NSE,KGE,RMSE,R2
0.8358474929769262,0.7210213935511701,2.9536639222526775,0.8358474968776476
