NSE,KGE,RMSE,R2
0.867906004906451,0.7569339250547602,2.8650379531566754,0.8679060126405103
