NSE,KGE,RMSE,R2
0.6354198971170733,0.5461970520938333,4.272070396740553,0.6354199018697879
