NSE,KGE,RMSE,R2
0.6241905051805098,0.5324616242090021,4.31250066472566,0.6241905219577377
