NSE,KGE,RMSE,R2
0.5117387131551606,0.42374357230692883,1.3455405043789312,0.5117387277234752
