NSE,KGE,RMSE,R2
0.4002559428371254,0.2963590262529274,4.419595391027123,0.40025593991950603
