NSE,KGE,RMSE,R2
0.4219073936778728,0.05993135855808862,3.108867607354597,0.42190739745630734
