NSE,KGE,RMSE,R2
-2.1582295811302328,-2.182832332054105,4.646726195526392,-2.1582294136301896
