NSE,KGE,RMSE,R2
0.7148520760307394,0.6162259725892736,3.8461302186134776,0.7148520845293018
