NSE,KGE,RMSE,R2
0.805582258278291,0.7061444169537721,3.3618210555258607,0.8055822468482321
