NSE,KGE,RMSE,R2
0.8037730030595664,0.6062971845786449,3.180817068538016,0.8037729980123695
