NSE,KGE,RMSE,R2
0.5611038510956115,0.2592478052537798,3.6932401478482078,0.5611038728715889
