NSE,KGE,RMSE,R2
-294962.9597079785,-294963.46672520775,3635.286054151342,-294962.96857183025
