NSE,KGE,RMSE,R2
0.9491415709931548,0.8812387674808788,1.6711362392128744,0.949141569164353
