NSE,KGE,RMSE,R2
-4.420479823971483,-4.518069275060572,3.906874128750686,-4.420479748617181
