NSE,KGE,RMSE,R2
0.18922413971628227,0.18531222533596114,0.7862419633224852,0.18922423018442347
