NSE,KGE,RMSE,R2
0.8426688826461444,0.7382385899629906,2.030558601648516,0.8426688817236929
