NSE,KGE,RMSE,R2
-0.24605579043929726,-0.2726015905582817,4.044290762602519,-0.2460559137908036
