NSE,KGE,RMSE,R2
0.12331538239540085,0.054385059312079265,4.015430363356617,0.123315415158053
