NSE,KGE,RMSE,R2
-4.130668874599261,-4.168083212073717,5.912764745987372,-4.130668745571037
