NSE,KGE,RMSE,R2
0.7966403355807997,0.5635137775564669,3.2421968618916743,0.7966403349164012
