NSE,KGE,RMSE,R2
0.4229020455035263,0.06092076960074533,3.1118227775631535,0.4229020374744408
