NSE,KGE,RMSE,R2
0.7916624871430747,0.555691719739801,3.2590194297086432,0.7916624827180427
