NSE,KGE,RMSE,R2
0.2959727508891644,0.22530554776420986,1.7357514865898112,0.29597271910805567
