NSE,KGE,RMSE,R2
0.7430121243253669,0.6682194889432751,2.512832086103776,0.7430121427676197
