NSE,KGE,RMSE,R2
-2.0960763468816705,-2.114158522318199,1.7838199161793236,-2.0960762930540335
