NSE,KGE,RMSE,R2
0.6574132899924565,0.6159634686970057,2.7611560770634154,0.6574133016159298
