NSE,KGE,RMSE,R2
0.6343322590510375,0.5920110437694359,2.8417460440504394,0.6343322411990223
