NSE,KGE,RMSE,R2
0.17721630628412177,-0.18476885040246005,5.188995733937561,0.1772163413077671
