NSE,KGE,RMSE,R2
0.7364889632512304,0.4594705794304266,3.7162122909214883,0.7364889384755073
