NSE,KGE,RMSE,R2
0.9111854843662659,0.8148226295647545,2.300170630842236,0.9111854847581052
