NSE,KGE,RMSE,R2
-26.206611272107228,-26.314891809687843,4.967643411354225,-26.206611327197095
