NSE,KGE,RMSE,R2
-26.08751247843706,-26.19568258370741,4.966659403715992,-26.087514819752343
